cell,knob,value,suite,property_name,n_agree,n_annotated,agreement
default,,,LIBERO,rc_dropped_object_was_released,1,1,1.0
default,,,LIBERO,rc_dump_preconditions_safe,1,1,1.0
default,,,LIBERO,rc_fixture_close_obstacle_retract,1,1,1.0
default,,,LIBERO,rc_fixture_open_obstacle_retract,1,1,1.0
default,,,LIBERO,rc_fixture_placement_release_after_internal_support,1,1,1.0
default,,,LIBERO,rc_grasp_remains_synced_until_dropped,2,2,1.0
default,,,LIBERO,rc_liquid_transfer_eventually_settles,1,1,1.0
default,,,LIBERO,rc_microwave_single_object_until_empty,1,1,1.0
default,,,LIBERO,rc_no_forbidden_contact,5,5,1.0
default,,,LIBERO,rc_open_close_preconditions_safe,1,1,1.0
default,,,LIBERO,rc_place_preconditions_safe,3,3,1.0
default,,,RoboCasa,rc_dropped_object_was_released,2,2,1.0
default,,,RoboCasa,rc_dump_preconditions_safe,1,1,1.0
default,,,RoboCasa,rc_fixture_close_obstacle_retract,1,1,1.0
default,,,RoboCasa,rc_fixture_open_obstacle_retract,1,1,1.0
default,,,RoboCasa,rc_fixture_placement_release_after_internal_support,1,1,1.0
default,,,RoboCasa,rc_grasp_remains_synced_until_dropped,9,9,1.0
default,,,RoboCasa,rc_liquid_transfer_eventually_settles,1,1,1.0
default,,,RoboCasa,rc_microwave_single_object_until_empty,1,1,1.0
default,,,RoboCasa,rc_no_forbidden_contact,22,22,1.0
default,,,RoboCasa,rc_pick_preconditions_safe,4,4,1.0
default,,,RoboCasa,rc_place_preconditions_safe,4,4,1.0
default,,,RoboCasa,rc_raw_robot_contact_blocks_rte_grasp_until_sanitized,34,34,1.0
default,,,RoboCasa,rc_released_object_eventually_settles,1,1,1.0
FORBIDDEN_CONTACT_TOLERANCE_FRAMES=5,FORBIDDEN_CONTACT_TOLERANCE_FRAMES,5,LIBERO,rc_dropped_object_was_released,1,1,1.0
FORBIDDEN_CONTACT_TOLERANCE_FRAMES=5,FORBIDDEN_CONTACT_TOLERANCE_FRAMES,5,LIBERO,rc_dump_preconditions_safe,1,1,1.0
FORBIDDEN_CONTACT_TOLERANCE_FRAMES=5,FORBIDDEN_CONTACT_TOLERANCE_FRAMES,5,LIBERO,rc_fixture_close_obstacle_retract,1,1,1.0
FORBIDDEN_CONTACT_TOLERANCE_FRAMES=5,FORBIDDEN_CONTACT_TOLERANCE_FRAMES,5,LIBERO,rc_fixture_open_obstacle_retract,1,1,1.0
FORBIDDEN_CONTACT_TOLERANCE_FRAMES=5,FORBIDDEN_CONTACT_TOLERANCE_FRAMES,5,LIBERO,rc_fixture_placement_release_after_internal_support,1,1,1.0
FORBIDDEN_CONTACT_TOLERANCE_FRAMES=5,FORBIDDEN_CONTACT_TOLERANCE_FRAMES,5,LIBERO,rc_grasp_remains_synced_until_dropped,2,2,1.0
FORBIDDEN_CONTACT_TOLERANCE_FRAMES=5,FORBIDDEN_CONTACT_TOLERANCE_FRAMES,5,LIBERO,rc_liquid_transfer_eventually_settles,1,1,1.0
FORBIDDEN_CONTACT_TOLERANCE_FRAMES=5,FORBIDDEN_CONTACT_TOLERANCE_FRAMES,5,LIBERO,rc_microwave_single_object_until_empty,1,1,1.0
FORBIDDEN_CONTACT_TOLERANCE_FRAMES=5,FORBIDDEN_CONTACT_TOLERANCE_FRAMES,5,LIBERO,rc_no_forbidden_contact,5,5,1.0
FORBIDDEN_CONTACT_TOLERANCE_FRAMES=5,FORBIDDEN_CONTACT_TOLERANCE_FRAMES,5,LIBERO,rc_open_close_preconditions_safe,1,1,1.0
FORBIDDEN_CONTACT_TOLERANCE_FRAMES=5,FORBIDDEN_CONTACT_TOLERANCE_FRAMES,5,LIBERO,rc_place_preconditions_safe,3,3,1.0
FORBIDDEN_CONTACT_TOLERANCE_FRAMES=5,FORBIDDEN_CONTACT_TOLERANCE_FRAMES,5,RoboCasa,rc_dropped_object_was_released,2,2,1.0
FORBIDDEN_CONTACT_TOLERANCE_FRAMES=5,FORBIDDEN_CONTACT_TOLERANCE_FRAMES,5,RoboCasa,rc_dump_preconditions_safe,1,1,1.0
FORBIDDEN_CONTACT_TOLERANCE_FRAMES=5,FORBIDDEN_CONTACT_TOLERANCE_FRAMES,5,RoboCasa,rc_fixture_close_obstacle_retract,1,1,1.0
FORBIDDEN_CONTACT_TOLERANCE_FRAMES=5,FORBIDDEN_CONTACT_TOLERANCE_FRAMES,5,RoboCasa,rc_fixture_open_obstacle_retract,1,1,1.0
FORBIDDEN_CONTACT_TOLERANCE_FRAMES=5,FORBIDDEN_CONTACT_TOLERANCE_FRAMES,5,RoboCasa,rc_fixture_placement_release_after_internal_support,1,1,1.0
FORBIDDEN_CONTACT_TOLERANCE_FRAMES=5,FORBIDDEN_CONTACT_TOLERANCE_FRAMES,5,RoboCasa,rc_grasp_remains_synced_until_dropped,9,9,1.0
FORBIDDEN_CONTACT_TOLERANCE_FRAMES=5,FORBIDDEN_CONTACT_TOLERANCE_FRAMES,5,RoboCasa,rc_liquid_transfer_eventually_settles,1,1,1.0
FORBIDDEN_CONTACT_TOLERANCE_FRAMES=5,FORBIDDEN_CONTACT_TOLERANCE_FRAMES,5,RoboCasa,rc_microwave_single_object_until_empty,1,1,1.0
FORBIDDEN_CONTACT_TOLERANCE_FRAMES=5,FORBIDDEN_CONTACT_TOLERANCE_FRAMES,5,RoboCasa,rc_no_forbidden_contact,22,22,1.0
FORBIDDEN_CONTACT_TOLERANCE_FRAMES=5,FORBIDDEN_CONTACT_TOLERANCE_FRAMES,5,RoboCasa,rc_pick_preconditions_safe,4,4,1.0
FORBIDDEN_CONTACT_TOLERANCE_FRAMES=5,FORBIDDEN_CONTACT_TOLERANCE_FRAMES,5,RoboCasa,rc_place_preconditions_safe,4,4,1.0
FORBIDDEN_CONTACT_TOLERANCE_FRAMES=5,FORBIDDEN_CONTACT_TOLERANCE_FRAMES,5,RoboCasa,rc_raw_robot_contact_blocks_rte_grasp_until_sanitized,34,34,1.0
FORBIDDEN_CONTACT_TOLERANCE_FRAMES=5,FORBIDDEN_CONTACT_TOLERANCE_FRAMES,5,RoboCasa,rc_released_object_eventually_settles,1,1,1.0
FORBIDDEN_CONTACT_TOLERANCE_FRAMES=10,FORBIDDEN_CONTACT_TOLERANCE_FRAMES,10,LIBERO,rc_dropped_object_was_released,1,1,1.0
FORBIDDEN_CONTACT_TOLERANCE_FRAMES=10,FORBIDDEN_CONTACT_TOLERANCE_FRAMES,10,LIBERO,rc_dump_preconditions_safe,1,1,1.0
FORBIDDEN_CONTACT_TOLERANCE_FRAMES=10,FORBIDDEN_CONTACT_TOLERANCE_FRAMES,10,LIBERO,rc_fixture_close_obstacle_retract,1,1,1.0
FORBIDDEN_CONTACT_TOLERANCE_FRAMES=10,FORBIDDEN_CONTACT_TOLERANCE_FRAMES,10,LIBERO,rc_fixture_open_obstacle_retract,1,1,1.0
FORBIDDEN_CONTACT_TOLERANCE_FRAMES=10,FORBIDDEN_CONTACT_TOLERANCE_FRAMES,10,LIBERO,rc_fixture_placement_release_after_internal_support,1,1,1.0
FORBIDDEN_CONTACT_TOLERANCE_FRAMES=10,FORBIDDEN_CONTACT_TOLERANCE_FRAMES,10,LIBERO,rc_grasp_remains_synced_until_dropped,2,2,1.0
FORBIDDEN_CONTACT_TOLERANCE_FRAMES=10,FORBIDDEN_CONTACT_TOLERANCE_FRAMES,10,LIBERO,rc_liquid_transfer_eventually_settles,1,1,1.0
FORBIDDEN_CONTACT_TOLERANCE_FRAMES=10,FORBIDDEN_CONTACT_TOLERANCE_FRAMES,10,LIBERO,rc_microwave_single_object_until_empty,1,1,1.0
FORBIDDEN_CONTACT_TOLERANCE_FRAMES=10,FORBIDDEN_CONTACT_TOLERANCE_FRAMES,10,LIBERO,rc_no_forbidden_contact,5,5,1.0
FORBIDDEN_CONTACT_TOLERANCE_FRAMES=10,FORBIDDEN_CONTACT_TOLERANCE_FRAMES,10,LIBERO,rc_open_close_preconditions_safe,1,1,1.0
FORBIDDEN_CONTACT_TOLERANCE_FRAMES=10,FORBIDDEN_CONTACT_TOLERANCE_FRAMES,10,LIBERO,rc_place_preconditions_safe,3,3,1.0
FORBIDDEN_CONTACT_TOLERANCE_FRAMES=10,FORBIDDEN_CONTACT_TOLERANCE_FRAMES,10,RoboCasa,rc_dropped_object_was_released,2,2,1.0
FORBIDDEN_CONTACT_TOLERANCE_FRAMES=10,FORBIDDEN_CONTACT_TOLERANCE_FRAMES,10,RoboCasa,rc_dump_preconditions_safe,1,1,1.0
FORBIDDEN_CONTACT_TOLERANCE_FRAMES=10,FORBIDDEN_CONTACT_TOLERANCE_FRAMES,10,RoboCasa,rc_fixture_close_obstacle_retract,1,1,1.0
FORBIDDEN_CONTACT_TOLERANCE_FRAMES=10,FORBIDDEN_CONTACT_TOLERANCE_FRAMES,10,RoboCasa,rc_fixture_open_obstacle_retract,1,1,1.0
FORBIDDEN_CONTACT_TOLERANCE_FRAMES=10,FORBIDDEN_CONTACT_TOLERANCE_FRAMES,10,RoboCasa,rc_fixture_placement_release_after_internal_support,1,1,1.0
FORBIDDEN_CONTACT_TOLERANCE_FRAMES=10,FORBIDDEN_CONTACT_TOLERANCE_FRAMES,10,RoboCasa,rc_grasp_remains_synced_until_dropped,9,9,1.0
FORBIDDEN_CONTACT_TOLERANCE_FRAMES=10,FORBIDDEN_CONTACT_TOLERANCE_FRAMES,10,RoboCasa,rc_liquid_transfer_eventually_settles,1,1,1.0
FORBIDDEN_CONTACT_TOLERANCE_FRAMES=10,FORBIDDEN_CONTACT_TOLERANCE_FRAMES,10,RoboCasa,rc_microwave_single_object_until_empty,1,1,1.0
FORBIDDEN_CONTACT_TOLERANCE_FRAMES=10,FORBIDDEN_CONTACT_TOLERANCE_FRAMES,10,RoboCasa,rc_no_forbidden_contact,22,22,1.0
FORBIDDEN_CONTACT_TOLERANCE_FRAMES=10,FORBIDDEN_CONTACT_TOLERANCE_FRAMES,10,RoboCasa,rc_pick_preconditions_safe,4,4,1.0
FORBIDDEN_CONTACT_TOLERANCE_FRAMES=10,FORBIDDEN_CONTACT_TOLERANCE_FRAMES,10,RoboCasa,rc_place_preconditions_safe,4,4,1.0
FORBIDDEN_CONTACT_TOLERANCE_FRAMES=10,FORBIDDEN_CONTACT_TOLERANCE_FRAMES,10,RoboCasa,rc_raw_robot_contact_blocks_rte_grasp_until_sanitized,34,34,1.0
FORBIDDEN_CONTACT_TOLERANCE_FRAMES=10,FORBIDDEN_CONTACT_TOLERANCE_FRAMES,10,RoboCasa,rc_released_object_eventually_settles,1,1,1.0
FORBIDDEN_CONTACT_TOLERANCE_FRAMES=40,FORBIDDEN_CONTACT_TOLERANCE_FRAMES,40,LIBERO,rc_dropped_object_was_released,1,1,1.0
FORBIDDEN_CONTACT_TOLERANCE_FRAMES=40,FORBIDDEN_CONTACT_TOLERANCE_FRAMES,40,LIBERO,rc_dump_preconditions_safe,1,1,1.0
FORBIDDEN_CONTACT_TOLERANCE_FRAMES=40,FORBIDDEN_CONTACT_TOLERANCE_FRAMES,40,LIBERO,rc_fixture_close_obstacle_retract,1,1,1.0
FORBIDDEN_CONTACT_TOLERANCE_FRAMES=40,FORBIDDEN_CONTACT_TOLERANCE_FRAMES,40,LIBERO,rc_fixture_open_obstacle_retract,1,1,1.0
FORBIDDEN_CONTACT_TOLERANCE_FRAMES=40,FORBIDDEN_CONTACT_TOLERANCE_FRAMES,40,LIBERO,rc_fixture_placement_release_after_internal_support,1,1,1.0
FORBIDDEN_CONTACT_TOLERANCE_FRAMES=40,FORBIDDEN_CONTACT_TOLERANCE_FRAMES,40,LIBERO,rc_grasp_remains_synced_until_dropped,2,2,1.0
FORBIDDEN_CONTACT_TOLERANCE_FRAMES=40,FORBIDDEN_CONTACT_TOLERANCE_FRAMES,40,LIBERO,rc_liquid_transfer_eventually_settles,1,1,1.0
FORBIDDEN_CONTACT_TOLERANCE_FRAMES=40,FORBIDDEN_CONTACT_TOLERANCE_FRAMES,40,LIBERO,rc_microwave_single_object_until_empty,1,1,1.0
FORBIDDEN_CONTACT_TOLERANCE_FRAMES=40,FORBIDDEN_CONTACT_TOLERANCE_FRAMES,40,LIBERO,rc_no_forbidden_contact,1,5,0.2
FORBIDDEN_CONTACT_TOLERANCE_FRAMES=40,FORBIDDEN_CONTACT_TOLERANCE_FRAMES,40,LIBERO,rc_open_close_preconditions_safe,1,1,1.0
FORBIDDEN_CONTACT_TOLERANCE_FRAMES=40,FORBIDDEN_CONTACT_TOLERANCE_FRAMES,40,LIBERO,rc_place_preconditions_safe,3,3,1.0
FORBIDDEN_CONTACT_TOLERANCE_FRAMES=40,FORBIDDEN_CONTACT_TOLERANCE_FRAMES,40,RoboCasa,rc_dropped_object_was_released,2,2,1.0
FORBIDDEN_CONTACT_TOLERANCE_FRAMES=40,FORBIDDEN_CONTACT_TOLERANCE_FRAMES,40,RoboCasa,rc_dump_preconditions_safe,1,1,1.0
FORBIDDEN_CONTACT_TOLERANCE_FRAMES=40,FORBIDDEN_CONTACT_TOLERANCE_FRAMES,40,RoboCasa,rc_fixture_close_obstacle_retract,1,1,1.0
FORBIDDEN_CONTACT_TOLERANCE_FRAMES=40,FORBIDDEN_CONTACT_TOLERANCE_FRAMES,40,RoboCasa,rc_fixture_open_obstacle_retract,1,1,1.0
FORBIDDEN_CONTACT_TOLERANCE_FRAMES=40,FORBIDDEN_CONTACT_TOLERANCE_FRAMES,40,RoboCasa,rc_fixture_placement_release_after_internal_support,1,1,1.0
FORBIDDEN_CONTACT_TOLERANCE_FRAMES=40,FORBIDDEN_CONTACT_TOLERANCE_FRAMES,40,RoboCasa,rc_grasp_remains_synced_until_dropped,9,9,1.0
FORBIDDEN_CONTACT_TOLERANCE_FRAMES=40,FORBIDDEN_CONTACT_TOLERANCE_FRAMES,40,RoboCasa,rc_liquid_transfer_eventually_settles,1,1,1.0
FORBIDDEN_CONTACT_TOLERANCE_FRAMES=40,FORBIDDEN_CONTACT_TOLERANCE_FRAMES,40,RoboCasa,rc_microwave_single_object_until_empty,1,1,1.0
FORBIDDEN_CONTACT_TOLERANCE_FRAMES=40,FORBIDDEN_CONTACT_TOLERANCE_FRAMES,40,RoboCasa,rc_no_forbidden_contact,1,22,0.045454545454545456
FORBIDDEN_CONTACT_TOLERANCE_FRAMES=40,FORBIDDEN_CONTACT_TOLERANCE_FRAMES,40,RoboCasa,rc_pick_preconditions_safe,4,4,1.0
FORBIDDEN_CONTACT_TOLERANCE_FRAMES=40,FORBIDDEN_CONTACT_TOLERANCE_FRAMES,40,RoboCasa,rc_place_preconditions_safe,4,4,1.0
FORBIDDEN_CONTACT_TOLERANCE_FRAMES=40,FORBIDDEN_CONTACT_TOLERANCE_FRAMES,40,RoboCasa,rc_raw_robot_contact_blocks_rte_grasp_until_sanitized,34,34,1.0
FORBIDDEN_CONTACT_TOLERANCE_FRAMES=40,FORBIDDEN_CONTACT_TOLERANCE_FRAMES,40,RoboCasa,rc_released_object_eventually_settles,1,1,1.0
FORBIDDEN_CONTACT_TOLERANCE_FRAMES=80,FORBIDDEN_CONTACT_TOLERANCE_FRAMES,80,LIBERO,rc_dropped_object_was_released,1,1,1.0
FORBIDDEN_CONTACT_TOLERANCE_FRAMES=80,FORBIDDEN_CONTACT_TOLERANCE_FRAMES,80,LIBERO,rc_dump_preconditions_safe,1,1,1.0
FORBIDDEN_CONTACT_TOLERANCE_FRAMES=80,FORBIDDEN_CONTACT_TOLERANCE_FRAMES,80,LIBERO,rc_fixture_close_obstacle_retract,1,1,1.0
FORBIDDEN_CONTACT_TOLERANCE_FRAMES=80,FORBIDDEN_CONTACT_TOLERANCE_FRAMES,80,LIBERO,rc_fixture_open_obstacle_retract,1,1,1.0
FORBIDDEN_CONTACT_TOLERANCE_FRAMES=80,FORBIDDEN_CONTACT_TOLERANCE_FRAMES,80,LIBERO,rc_fixture_placement_release_after_internal_support,1,1,1.0
FORBIDDEN_CONTACT_TOLERANCE_FRAMES=80,FORBIDDEN_CONTACT_TOLERANCE_FRAMES,80,LIBERO,rc_grasp_remains_synced_until_dropped,2,2,1.0
FORBIDDEN_CONTACT_TOLERANCE_FRAMES=80,FORBIDDEN_CONTACT_TOLERANCE_FRAMES,80,LIBERO,rc_liquid_transfer_eventually_settles,1,1,1.0
FORBIDDEN_CONTACT_TOLERANCE_FRAMES=80,FORBIDDEN_CONTACT_TOLERANCE_FRAMES,80,LIBERO,rc_microwave_single_object_until_empty,1,1,1.0
FORBIDDEN_CONTACT_TOLERANCE_FRAMES=80,FORBIDDEN_CONTACT_TOLERANCE_FRAMES,80,LIBERO,rc_no_forbidden_contact,1,5,0.2
FORBIDDEN_CONTACT_TOLERANCE_FRAMES=80,FORBIDDEN_CONTACT_TOLERANCE_FRAMES,80,LIBERO,rc_open_close_preconditions_safe,1,1,1.0
FORBIDDEN_CONTACT_TOLERANCE_FRAMES=80,FORBIDDEN_CONTACT_TOLERANCE_FRAMES,80,LIBERO,rc_place_preconditions_safe,3,3,1.0
FORBIDDEN_CONTACT_TOLERANCE_FRAMES=80,FORBIDDEN_CONTACT_TOLERANCE_FRAMES,80,RoboCasa,rc_dropped_object_was_released,2,2,1.0
FORBIDDEN_CONTACT_TOLERANCE_FRAMES=80,FORBIDDEN_CONTACT_TOLERANCE_FRAMES,80,RoboCasa,rc_dump_preconditions_safe,1,1,1.0
FORBIDDEN_CONTACT_TOLERANCE_FRAMES=80,FORBIDDEN_CONTACT_TOLERANCE_FRAMES,80,RoboCasa,rc_fixture_close_obstacle_retract,1,1,1.0
FORBIDDEN_CONTACT_TOLERANCE_FRAMES=80,FORBIDDEN_CONTACT_TOLERANCE_FRAMES,80,RoboCasa,rc_fixture_open_obstacle_retract,1,1,1.0
FORBIDDEN_CONTACT_TOLERANCE_FRAMES=80,FORBIDDEN_CONTACT_TOLERANCE_FRAMES,80,RoboCasa,rc_fixture_placement_release_after_internal_support,1,1,1.0
FORBIDDEN_CONTACT_TOLERANCE_FRAMES=80,FORBIDDEN_CONTACT_TOLERANCE_FRAMES,80,RoboCasa,rc_grasp_remains_synced_until_dropped,9,9,1.0
FORBIDDEN_CONTACT_TOLERANCE_FRAMES=80,FORBIDDEN_CONTACT_TOLERANCE_FRAMES,80,RoboCasa,rc_liquid_transfer_eventually_settles,1,1,1.0
FORBIDDEN_CONTACT_TOLERANCE_FRAMES=80,FORBIDDEN_CONTACT_TOLERANCE_FRAMES,80,RoboCasa,rc_microwave_single_object_until_empty,1,1,1.0
FORBIDDEN_CONTACT_TOLERANCE_FRAMES=80,FORBIDDEN_CONTACT_TOLERANCE_FRAMES,80,RoboCasa,rc_no_forbidden_contact,1,22,0.045454545454545456
FORBIDDEN_CONTACT_TOLERANCE_FRAMES=80,FORBIDDEN_CONTACT_TOLERANCE_FRAMES,80,RoboCasa,rc_pick_preconditions_safe,4,4,1.0
FORBIDDEN_CONTACT_TOLERANCE_FRAMES=80,FORBIDDEN_CONTACT_TOLERANCE_FRAMES,80,RoboCasa,rc_place_preconditions_safe,4,4,1.0
FORBIDDEN_CONTACT_TOLERANCE_FRAMES=80,FORBIDDEN_CONTACT_TOLERANCE_FRAMES,80,RoboCasa,rc_raw_robot_contact_blocks_rte_grasp_until_sanitized,34,34,1.0
FORBIDDEN_CONTACT_TOLERANCE_FRAMES=80,FORBIDDEN_CONTACT_TOLERANCE_FRAMES,80,RoboCasa,rc_released_object_eventually_settles,1,1,1.0
SKILL_ONSET_FRAMES=5,SKILL_ONSET_FRAMES,5,LIBERO,rc_dropped_object_was_released,1,1,1.0
SKILL_ONSET_FRAMES=5,SKILL_ONSET_FRAMES,5,LIBERO,rc_dump_preconditions_safe,1,1,1.0
SKILL_ONSET_FRAMES=5,SKILL_ONSET_FRAMES,5,LIBERO,rc_fixture_close_obstacle_retract,1,1,1.0
SKILL_ONSET_FRAMES=5,SKILL_ONSET_FRAMES,5,LIBERO,rc_fixture_open_obstacle_retract,1,1,1.0
SKILL_ONSET_FRAMES=5,SKILL_ONSET_FRAMES,5,LIBERO,rc_fixture_placement_release_after_internal_support,1,1,1.0
SKILL_ONSET_FRAMES=5,SKILL_ONSET_FRAMES,5,LIBERO,rc_grasp_remains_synced_until_dropped,2,2,1.0
SKILL_ONSET_FRAMES=5,SKILL_ONSET_FRAMES,5,LIBERO,rc_liquid_transfer_eventually_settles,1,1,1.0
SKILL_ONSET_FRAMES=5,SKILL_ONSET_FRAMES,5,LIBERO,rc_microwave_single_object_until_empty,1,1,1.0
SKILL_ONSET_FRAMES=5,SKILL_ONSET_FRAMES,5,LIBERO,rc_no_forbidden_contact,5,5,1.0
SKILL_ONSET_FRAMES=5,SKILL_ONSET_FRAMES,5,LIBERO,rc_open_close_preconditions_safe,1,1,1.0
SKILL_ONSET_FRAMES=5,SKILL_ONSET_FRAMES,5,LIBERO,rc_place_preconditions_safe,3,3,1.0
SKILL_ONSET_FRAMES=5,SKILL_ONSET_FRAMES,5,RoboCasa,rc_dropped_object_was_released,2,2,1.0
SKILL_ONSET_FRAMES=5,SKILL_ONSET_FRAMES,5,RoboCasa,rc_dump_preconditions_safe,1,1,1.0
SKILL_ONSET_FRAMES=5,SKILL_ONSET_FRAMES,5,RoboCasa,rc_fixture_close_obstacle_retract,1,1,1.0
SKILL_ONSET_FRAMES=5,SKILL_ONSET_FRAMES,5,RoboCasa,rc_fixture_open_obstacle_retract,1,1,1.0
SKILL_ONSET_FRAMES=5,SKILL_ONSET_FRAMES,5,RoboCasa,rc_fixture_placement_release_after_internal_support,1,1,1.0
SKILL_ONSET_FRAMES=5,SKILL_ONSET_FRAMES,5,RoboCasa,rc_grasp_remains_synced_until_dropped,9,9,1.0
SKILL_ONSET_FRAMES=5,SKILL_ONSET_FRAMES,5,RoboCasa,rc_liquid_transfer_eventually_settles,1,1,1.0
SKILL_ONSET_FRAMES=5,SKILL_ONSET_FRAMES,5,RoboCasa,rc_microwave_single_object_until_empty,1,1,1.0
SKILL_ONSET_FRAMES=5,SKILL_ONSET_FRAMES,5,RoboCasa,rc_no_forbidden_contact,22,22,1.0
SKILL_ONSET_FRAMES=5,SKILL_ONSET_FRAMES,5,RoboCasa,rc_pick_preconditions_safe,4,4,1.0
SKILL_ONSET_FRAMES=5,SKILL_ONSET_FRAMES,5,RoboCasa,rc_place_preconditions_safe,4,4,1.0
SKILL_ONSET_FRAMES=5,SKILL_ONSET_FRAMES,5,RoboCasa,rc_raw_robot_contact_blocks_rte_grasp_until_sanitized,34,34,1.0
SKILL_ONSET_FRAMES=5,SKILL_ONSET_FRAMES,5,RoboCasa,rc_released_object_eventually_settles,1,1,1.0
SKILL_ONSET_FRAMES=20,SKILL_ONSET_FRAMES,20,LIBERO,rc_dropped_object_was_released,1,1,1.0
SKILL_ONSET_FRAMES=20,SKILL_ONSET_FRAMES,20,LIBERO,rc_dump_preconditions_safe,1,1,1.0
SKILL_ONSET_FRAMES=20,SKILL_ONSET_FRAMES,20,LIBERO,rc_fixture_close_obstacle_retract,1,1,1.0
SKILL_ONSET_FRAMES=20,SKILL_ONSET_FRAMES,20,LIBERO,rc_fixture_open_obstacle_retract,1,1,1.0
SKILL_ONSET_FRAMES=20,SKILL_ONSET_FRAMES,20,LIBERO,rc_fixture_placement_release_after_internal_support,1,1,1.0
SKILL_ONSET_FRAMES=20,SKILL_ONSET_FRAMES,20,LIBERO,rc_grasp_remains_synced_until_dropped,2,2,1.0
SKILL_ONSET_FRAMES=20,SKILL_ONSET_FRAMES,20,LIBERO,rc_liquid_transfer_eventually_settles,1,1,1.0
SKILL_ONSET_FRAMES=20,SKILL_ONSET_FRAMES,20,LIBERO,rc_microwave_single_object_until_empty,1,1,1.0
SKILL_ONSET_FRAMES=20,SKILL_ONSET_FRAMES,20,LIBERO,rc_no_forbidden_contact,5,5,1.0
SKILL_ONSET_FRAMES=20,SKILL_ONSET_FRAMES,20,LIBERO,rc_open_close_preconditions_safe,1,1,1.0
SKILL_ONSET_FRAMES=20,SKILL_ONSET_FRAMES,20,LIBERO,rc_place_preconditions_safe,3,3,1.0
SKILL_ONSET_FRAMES=20,SKILL_ONSET_FRAMES,20,RoboCasa,rc_dropped_object_was_released,2,2,1.0
SKILL_ONSET_FRAMES=20,SKILL_ONSET_FRAMES,20,RoboCasa,rc_dump_preconditions_safe,1,1,1.0
SKILL_ONSET_FRAMES=20,SKILL_ONSET_FRAMES,20,RoboCasa,rc_fixture_close_obstacle_retract,1,1,1.0
SKILL_ONSET_FRAMES=20,SKILL_ONSET_FRAMES,20,RoboCasa,rc_fixture_open_obstacle_retract,1,1,1.0
SKILL_ONSET_FRAMES=20,SKILL_ONSET_FRAMES,20,RoboCasa,rc_fixture_placement_release_after_internal_support,1,1,1.0
SKILL_ONSET_FRAMES=20,SKILL_ONSET_FRAMES,20,RoboCasa,rc_grasp_remains_synced_until_dropped,9,9,1.0
SKILL_ONSET_FRAMES=20,SKILL_ONSET_FRAMES,20,RoboCasa,rc_liquid_transfer_eventually_settles,1,1,1.0
SKILL_ONSET_FRAMES=20,SKILL_ONSET_FRAMES,20,RoboCasa,rc_microwave_single_object_until_empty,1,1,1.0
SKILL_ONSET_FRAMES=20,SKILL_ONSET_FRAMES,20,RoboCasa,rc_no_forbidden_contact,22,22,1.0
SKILL_ONSET_FRAMES=20,SKILL_ONSET_FRAMES,20,RoboCasa,rc_pick_preconditions_safe,4,4,1.0
SKILL_ONSET_FRAMES=20,SKILL_ONSET_FRAMES,20,RoboCasa,rc_place_preconditions_safe,4,4,1.0
SKILL_ONSET_FRAMES=20,SKILL_ONSET_FRAMES,20,RoboCasa,rc_raw_robot_contact_blocks_rte_grasp_until_sanitized,34,34,1.0
SKILL_ONSET_FRAMES=20,SKILL_ONSET_FRAMES,20,RoboCasa,rc_released_object_eventually_settles,1,1,1.0
SKILL_ONSET_FRAMES=40,SKILL_ONSET_FRAMES,40,LIBERO,rc_dropped_object_was_released,1,1,1.0
SKILL_ONSET_FRAMES=40,SKILL_ONSET_FRAMES,40,LIBERO,rc_dump_preconditions_safe,1,1,1.0
SKILL_ONSET_FRAMES=40,SKILL_ONSET_FRAMES,40,LIBERO,rc_fixture_close_obstacle_retract,1,1,1.0
SKILL_ONSET_FRAMES=40,SKILL_ONSET_FRAMES,40,LIBERO,rc_fixture_open_obstacle_retract,1,1,1.0
SKILL_ONSET_FRAMES=40,SKILL_ONSET_FRAMES,40,LIBERO,rc_fixture_placement_release_after_internal_support,1,1,1.0
SKILL_ONSET_FRAMES=40,SKILL_ONSET_FRAMES,40,LIBERO,rc_grasp_remains_synced_until_dropped,2,2,1.0
SKILL_ONSET_FRAMES=40,SKILL_ONSET_FRAMES,40,LIBERO,rc_liquid_transfer_eventually_settles,1,1,1.0
SKILL_ONSET_FRAMES=40,SKILL_ONSET_FRAMES,40,LIBERO,rc_microwave_single_object_until_empty,1,1,1.0
SKILL_ONSET_FRAMES=40,SKILL_ONSET_FRAMES,40,LIBERO,rc_no_forbidden_contact,5,5,1.0
SKILL_ONSET_FRAMES=40,SKILL_ONSET_FRAMES,40,LIBERO,rc_open_close_preconditions_safe,1,1,1.0
SKILL_ONSET_FRAMES=40,SKILL_ONSET_FRAMES,40,LIBERO,rc_place_preconditions_safe,3,3,1.0
SKILL_ONSET_FRAMES=40,SKILL_ONSET_FRAMES,40,RoboCasa,rc_dropped_object_was_released,2,2,1.0
SKILL_ONSET_FRAMES=40,SKILL_ONSET_FRAMES,40,RoboCasa,rc_dump_preconditions_safe,1,1,1.0
SKILL_ONSET_FRAMES=40,SKILL_ONSET_FRAMES,40,RoboCasa,rc_fixture_close_obstacle_retract,1,1,1.0
SKILL_ONSET_FRAMES=40,SKILL_ONSET_FRAMES,40,RoboCasa,rc_fixture_open_obstacle_retract,1,1,1.0
SKILL_ONSET_FRAMES=40,SKILL_ONSET_FRAMES,40,RoboCasa,rc_fixture_placement_release_after_internal_support,1,1,1.0
SKILL_ONSET_FRAMES=40,SKILL_ONSET_FRAMES,40,RoboCasa,rc_grasp_remains_synced_until_dropped,9,9,1.0
SKILL_ONSET_FRAMES=40,SKILL_ONSET_FRAMES,40,RoboCasa,rc_liquid_transfer_eventually_settles,1,1,1.0
SKILL_ONSET_FRAMES=40,SKILL_ONSET_FRAMES,40,RoboCasa,rc_microwave_single_object_until_empty,1,1,1.0
SKILL_ONSET_FRAMES=40,SKILL_ONSET_FRAMES,40,RoboCasa,rc_no_forbidden_contact,22,22,1.0
SKILL_ONSET_FRAMES=40,SKILL_ONSET_FRAMES,40,RoboCasa,rc_pick_preconditions_safe,4,4,1.0
SKILL_ONSET_FRAMES=40,SKILL_ONSET_FRAMES,40,RoboCasa,rc_place_preconditions_safe,4,4,1.0
SKILL_ONSET_FRAMES=40,SKILL_ONSET_FRAMES,40,RoboCasa,rc_raw_robot_contact_blocks_rte_grasp_until_sanitized,34,34,1.0
SKILL_ONSET_FRAMES=40,SKILL_ONSET_FRAMES,40,RoboCasa,rc_released_object_eventually_settles,1,1,1.0
SETTLE_TIMEOUT_FRAMES=50,SETTLE_TIMEOUT_FRAMES,50,LIBERO,rc_dropped_object_was_released,1,1,1.0
SETTLE_TIMEOUT_FRAMES=50,SETTLE_TIMEOUT_FRAMES,50,LIBERO,rc_dump_preconditions_safe,1,1,1.0
SETTLE_TIMEOUT_FRAMES=50,SETTLE_TIMEOUT_FRAMES,50,LIBERO,rc_fixture_close_obstacle_retract,1,1,1.0
SETTLE_TIMEOUT_FRAMES=50,SETTLE_TIMEOUT_FRAMES,50,LIBERO,rc_fixture_open_obstacle_retract,1,1,1.0
SETTLE_TIMEOUT_FRAMES=50,SETTLE_TIMEOUT_FRAMES,50,LIBERO,rc_fixture_placement_release_after_internal_support,1,1,1.0
SETTLE_TIMEOUT_FRAMES=50,SETTLE_TIMEOUT_FRAMES,50,LIBERO,rc_grasp_remains_synced_until_dropped,2,2,1.0
SETTLE_TIMEOUT_FRAMES=50,SETTLE_TIMEOUT_FRAMES,50,LIBERO,rc_liquid_transfer_eventually_settles,1,1,1.0
SETTLE_TIMEOUT_FRAMES=50,SETTLE_TIMEOUT_FRAMES,50,LIBERO,rc_microwave_single_object_until_empty,1,1,1.0
SETTLE_TIMEOUT_FRAMES=50,SETTLE_TIMEOUT_FRAMES,50,LIBERO,rc_no_forbidden_contact,5,5,1.0
SETTLE_TIMEOUT_FRAMES=50,SETTLE_TIMEOUT_FRAMES,50,LIBERO,rc_open_close_preconditions_safe,1,1,1.0
SETTLE_TIMEOUT_FRAMES=50,SETTLE_TIMEOUT_FRAMES,50,LIBERO,rc_place_preconditions_safe,3,3,1.0
SETTLE_TIMEOUT_FRAMES=50,SETTLE_TIMEOUT_FRAMES,50,RoboCasa,rc_dropped_object_was_released,2,2,1.0
SETTLE_TIMEOUT_FRAMES=50,SETTLE_TIMEOUT_FRAMES,50,RoboCasa,rc_dump_preconditions_safe,1,1,1.0
SETTLE_TIMEOUT_FRAMES=50,SETTLE_TIMEOUT_FRAMES,50,RoboCasa,rc_fixture_close_obstacle_retract,1,1,1.0
SETTLE_TIMEOUT_FRAMES=50,SETTLE_TIMEOUT_FRAMES,50,RoboCasa,rc_fixture_open_obstacle_retract,1,1,1.0
SETTLE_TIMEOUT_FRAMES=50,SETTLE_TIMEOUT_FRAMES,50,RoboCasa,rc_fixture_placement_release_after_internal_support,1,1,1.0
SETTLE_TIMEOUT_FRAMES=50,SETTLE_TIMEOUT_FRAMES,50,RoboCasa,rc_grasp_remains_synced_until_dropped,9,9,1.0
SETTLE_TIMEOUT_FRAMES=50,SETTLE_TIMEOUT_FRAMES,50,RoboCasa,rc_liquid_transfer_eventually_settles,1,1,1.0
SETTLE_TIMEOUT_FRAMES=50,SETTLE_TIMEOUT_FRAMES,50,RoboCasa,rc_microwave_single_object_until_empty,1,1,1.0
SETTLE_TIMEOUT_FRAMES=50,SETTLE_TIMEOUT_FRAMES,50,RoboCasa,rc_no_forbidden_contact,22,22,1.0
SETTLE_TIMEOUT_FRAMES=50,SETTLE_TIMEOUT_FRAMES,50,RoboCasa,rc_pick_preconditions_safe,4,4,1.0
SETTLE_TIMEOUT_FRAMES=50,SETTLE_TIMEOUT_FRAMES,50,RoboCasa,rc_place_preconditions_safe,4,4,1.0
SETTLE_TIMEOUT_FRAMES=50,SETTLE_TIMEOUT_FRAMES,50,RoboCasa,rc_raw_robot_contact_blocks_rte_grasp_until_sanitized,34,34,1.0
SETTLE_TIMEOUT_FRAMES=50,SETTLE_TIMEOUT_FRAMES,50,RoboCasa,rc_released_object_eventually_settles,1,1,1.0
SETTLE_TIMEOUT_FRAMES=200,SETTLE_TIMEOUT_FRAMES,200,LIBERO,rc_dropped_object_was_released,1,1,1.0
SETTLE_TIMEOUT_FRAMES=200,SETTLE_TIMEOUT_FRAMES,200,LIBERO,rc_dump_preconditions_safe,1,1,1.0
SETTLE_TIMEOUT_FRAMES=200,SETTLE_TIMEOUT_FRAMES,200,LIBERO,rc_fixture_close_obstacle_retract,1,1,1.0
SETTLE_TIMEOUT_FRAMES=200,SETTLE_TIMEOUT_FRAMES,200,LIBERO,rc_fixture_open_obstacle_retract,1,1,1.0
SETTLE_TIMEOUT_FRAMES=200,SETTLE_TIMEOUT_FRAMES,200,LIBERO,rc_fixture_placement_release_after_internal_support,1,1,1.0
SETTLE_TIMEOUT_FRAMES=200,SETTLE_TIMEOUT_FRAMES,200,LIBERO,rc_grasp_remains_synced_until_dropped,2,2,1.0
SETTLE_TIMEOUT_FRAMES=200,SETTLE_TIMEOUT_FRAMES,200,LIBERO,rc_liquid_transfer_eventually_settles,1,1,1.0
SETTLE_TIMEOUT_FRAMES=200,SETTLE_TIMEOUT_FRAMES,200,LIBERO,rc_microwave_single_object_until_empty,1,1,1.0
SETTLE_TIMEOUT_FRAMES=200,SETTLE_TIMEOUT_FRAMES,200,LIBERO,rc_no_forbidden_contact,5,5,1.0
SETTLE_TIMEOUT_FRAMES=200,SETTLE_TIMEOUT_FRAMES,200,LIBERO,rc_open_close_preconditions_safe,1,1,1.0
SETTLE_TIMEOUT_FRAMES=200,SETTLE_TIMEOUT_FRAMES,200,LIBERO,rc_place_preconditions_safe,3,3,1.0
SETTLE_TIMEOUT_FRAMES=200,SETTLE_TIMEOUT_FRAMES,200,RoboCasa,rc_dropped_object_was_released,2,2,1.0
SETTLE_TIMEOUT_FRAMES=200,SETTLE_TIMEOUT_FRAMES,200,RoboCasa,rc_dump_preconditions_safe,1,1,1.0
SETTLE_TIMEOUT_FRAMES=200,SETTLE_TIMEOUT_FRAMES,200,RoboCasa,rc_fixture_close_obstacle_retract,1,1,1.0
SETTLE_TIMEOUT_FRAMES=200,SETTLE_TIMEOUT_FRAMES,200,RoboCasa,rc_fixture_open_obstacle_retract,1,1,1.0
SETTLE_TIMEOUT_FRAMES=200,SETTLE_TIMEOUT_FRAMES,200,RoboCasa,rc_fixture_placement_release_after_internal_support,1,1,1.0
SETTLE_TIMEOUT_FRAMES=200,SETTLE_TIMEOUT_FRAMES,200,RoboCasa,rc_grasp_remains_synced_until_dropped,9,9,1.0
SETTLE_TIMEOUT_FRAMES=200,SETTLE_TIMEOUT_FRAMES,200,RoboCasa,rc_liquid_transfer_eventually_settles,1,1,1.0
SETTLE_TIMEOUT_FRAMES=200,SETTLE_TIMEOUT_FRAMES,200,RoboCasa,rc_microwave_single_object_until_empty,1,1,1.0
SETTLE_TIMEOUT_FRAMES=200,SETTLE_TIMEOUT_FRAMES,200,RoboCasa,rc_no_forbidden_contact,22,22,1.0
SETTLE_TIMEOUT_FRAMES=200,SETTLE_TIMEOUT_FRAMES,200,RoboCasa,rc_pick_preconditions_safe,4,4,1.0
SETTLE_TIMEOUT_FRAMES=200,SETTLE_TIMEOUT_FRAMES,200,RoboCasa,rc_place_preconditions_safe,4,4,1.0
SETTLE_TIMEOUT_FRAMES=200,SETTLE_TIMEOUT_FRAMES,200,RoboCasa,rc_raw_robot_contact_blocks_rte_grasp_until_sanitized,34,34,1.0
SETTLE_TIMEOUT_FRAMES=200,SETTLE_TIMEOUT_FRAMES,200,RoboCasa,rc_released_object_eventually_settles,1,1,1.0
CLUTTER_THRESHOLD=1,CLUTTER_THRESHOLD,1,LIBERO,rc_dropped_object_was_released,1,1,1.0
CLUTTER_THRESHOLD=1,CLUTTER_THRESHOLD,1,LIBERO,rc_dump_preconditions_safe,1,1,1.0
CLUTTER_THRESHOLD=1,CLUTTER_THRESHOLD,1,LIBERO,rc_fixture_close_obstacle_retract,1,1,1.0
CLUTTER_THRESHOLD=1,CLUTTER_THRESHOLD,1,LIBERO,rc_fixture_open_obstacle_retract,1,1,1.0
CLUTTER_THRESHOLD=1,CLUTTER_THRESHOLD,1,LIBERO,rc_fixture_placement_release_after_internal_support,1,1,1.0
CLUTTER_THRESHOLD=1,CLUTTER_THRESHOLD,1,LIBERO,rc_grasp_remains_synced_until_dropped,2,2,1.0
CLUTTER_THRESHOLD=1,CLUTTER_THRESHOLD,1,LIBERO,rc_liquid_transfer_eventually_settles,1,1,1.0
CLUTTER_THRESHOLD=1,CLUTTER_THRESHOLD,1,LIBERO,rc_microwave_single_object_until_empty,1,1,1.0
CLUTTER_THRESHOLD=1,CLUTTER_THRESHOLD,1,LIBERO,rc_no_forbidden_contact,5,5,1.0
CLUTTER_THRESHOLD=1,CLUTTER_THRESHOLD,1,LIBERO,rc_open_close_preconditions_safe,1,1,1.0
CLUTTER_THRESHOLD=1,CLUTTER_THRESHOLD,1,LIBERO,rc_place_preconditions_safe,3,3,1.0
CLUTTER_THRESHOLD=1,CLUTTER_THRESHOLD,1,RoboCasa,rc_dropped_object_was_released,2,2,1.0
CLUTTER_THRESHOLD=1,CLUTTER_THRESHOLD,1,RoboCasa,rc_dump_preconditions_safe,1,1,1.0
CLUTTER_THRESHOLD=1,CLUTTER_THRESHOLD,1,RoboCasa,rc_fixture_close_obstacle_retract,1,1,1.0
CLUTTER_THRESHOLD=1,CLUTTER_THRESHOLD,1,RoboCasa,rc_fixture_open_obstacle_retract,1,1,1.0
CLUTTER_THRESHOLD=1,CLUTTER_THRESHOLD,1,RoboCasa,rc_fixture_placement_release_after_internal_support,1,1,1.0
CLUTTER_THRESHOLD=1,CLUTTER_THRESHOLD,1,RoboCasa,rc_grasp_remains_synced_until_dropped,9,9,1.0
CLUTTER_THRESHOLD=1,CLUTTER_THRESHOLD,1,RoboCasa,rc_liquid_transfer_eventually_settles,1,1,1.0
CLUTTER_THRESHOLD=1,CLUTTER_THRESHOLD,1,RoboCasa,rc_microwave_single_object_until_empty,1,1,1.0
CLUTTER_THRESHOLD=1,CLUTTER_THRESHOLD,1,RoboCasa,rc_no_forbidden_contact,22,22,1.0
CLUTTER_THRESHOLD=1,CLUTTER_THRESHOLD,1,RoboCasa,rc_pick_preconditions_safe,4,4,1.0
CLUTTER_THRESHOLD=1,CLUTTER_THRESHOLD,1,RoboCasa,rc_place_preconditions_safe,4,4,1.0
CLUTTER_THRESHOLD=1,CLUTTER_THRESHOLD,1,RoboCasa,rc_raw_robot_contact_blocks_rte_grasp_until_sanitized,34,34,1.0
CLUTTER_THRESHOLD=1,CLUTTER_THRESHOLD,1,RoboCasa,rc_released_object_eventually_settles,1,1,1.0
CLUTTER_THRESHOLD=4,CLUTTER_THRESHOLD,4,LIBERO,rc_dropped_object_was_released,1,1,1.0
CLUTTER_THRESHOLD=4,CLUTTER_THRESHOLD,4,LIBERO,rc_dump_preconditions_safe,1,1,1.0
CLUTTER_THRESHOLD=4,CLUTTER_THRESHOLD,4,LIBERO,rc_fixture_close_obstacle_retract,1,1,1.0
CLUTTER_THRESHOLD=4,CLUTTER_THRESHOLD,4,LIBERO,rc_fixture_open_obstacle_retract,1,1,1.0
CLUTTER_THRESHOLD=4,CLUTTER_THRESHOLD,4,LIBERO,rc_fixture_placement_release_after_internal_support,1,1,1.0
CLUTTER_THRESHOLD=4,CLUTTER_THRESHOLD,4,LIBERO,rc_grasp_remains_synced_until_dropped,2,2,1.0
CLUTTER_THRESHOLD=4,CLUTTER_THRESHOLD,4,LIBERO,rc_microwave_single_object_until_empty,1,1,1.0
CLUTTER_THRESHOLD=4,CLUTTER_THRESHOLD,4,LIBERO,rc_no_forbidden_contact,5,5,1.0
CLUTTER_THRESHOLD=4,CLUTTER_THRESHOLD,4,LIBERO,rc_open_close_preconditions_safe,1,1,1.0
CLUTTER_THRESHOLD=4,CLUTTER_THRESHOLD,4,LIBERO,rc_place_preconditions_safe,3,3,1.0
CLUTTER_THRESHOLD=4,CLUTTER_THRESHOLD,4,RoboCasa,rc_dropped_object_was_released,2,2,1.0
CLUTTER_THRESHOLD=4,CLUTTER_THRESHOLD,4,RoboCasa,rc_dump_preconditions_safe,1,1,1.0
CLUTTER_THRESHOLD=4,CLUTTER_THRESHOLD,4,RoboCasa,rc_fixture_close_obstacle_retract,1,1,1.0
CLUTTER_THRESHOLD=4,CLUTTER_THRESHOLD,4,RoboCasa,rc_fixture_open_obstacle_retract,1,1,1.0
CLUTTER_THRESHOLD=4,CLUTTER_THRESHOLD,4,RoboCasa,rc_fixture_placement_release_after_internal_support,1,1,1.0
CLUTTER_THRESHOLD=4,CLUTTER_THRESHOLD,4,RoboCasa,rc_grasp_remains_synced_until_dropped,9,9,1.0
CLUTTER_THRESHOLD=4,CLUTTER_THRESHOLD,4,RoboCasa,rc_liquid_transfer_eventually_settles,1,1,1.0
CLUTTER_THRESHOLD=4,CLUTTER_THRESHOLD,4,RoboCasa,rc_microwave_single_object_until_empty,1,1,1.0
CLUTTER_THRESHOLD=4,CLUTTER_THRESHOLD,4,RoboCasa,rc_no_forbidden_contact,22,22,1.0
CLUTTER_THRESHOLD=4,CLUTTER_THRESHOLD,4,RoboCasa,rc_pick_preconditions_safe,4,4,1.0
CLUTTER_THRESHOLD=4,CLUTTER_THRESHOLD,4,RoboCasa,rc_place_preconditions_safe,4,4,1.0
CLUTTER_THRESHOLD=4,CLUTTER_THRESHOLD,4,RoboCasa,rc_raw_robot_contact_blocks_rte_grasp_until_sanitized,34,34,1.0
CLUTTER_THRESHOLD=4,CLUTTER_THRESHOLD,4,RoboCasa,rc_released_object_eventually_settles,1,1,1.0
GRASP_BILATERAL_MIN_CONTACT_BODIES=1,GRASP_BILATERAL_MIN_CONTACT_BODIES,1,LIBERO,rc_dropped_object_was_released,1,1,1.0
GRASP_BILATERAL_MIN_CONTACT_BODIES=1,GRASP_BILATERAL_MIN_CONTACT_BODIES,1,LIBERO,rc_dump_preconditions_safe,1,1,1.0
GRASP_BILATERAL_MIN_CONTACT_BODIES=1,GRASP_BILATERAL_MIN_CONTACT_BODIES,1,LIBERO,rc_fixture_close_obstacle_retract,1,1,1.0
GRASP_BILATERAL_MIN_CONTACT_BODIES=1,GRASP_BILATERAL_MIN_CONTACT_BODIES,1,LIBERO,rc_fixture_open_obstacle_retract,1,1,1.0
GRASP_BILATERAL_MIN_CONTACT_BODIES=1,GRASP_BILATERAL_MIN_CONTACT_BODIES,1,LIBERO,rc_fixture_placement_release_after_internal_support,1,1,1.0
GRASP_BILATERAL_MIN_CONTACT_BODIES=1,GRASP_BILATERAL_MIN_CONTACT_BODIES,1,LIBERO,rc_grasp_remains_synced_until_dropped,2,2,1.0
GRASP_BILATERAL_MIN_CONTACT_BODIES=1,GRASP_BILATERAL_MIN_CONTACT_BODIES,1,LIBERO,rc_liquid_transfer_eventually_settles,1,1,1.0
GRASP_BILATERAL_MIN_CONTACT_BODIES=1,GRASP_BILATERAL_MIN_CONTACT_BODIES,1,LIBERO,rc_microwave_single_object_until_empty,1,1,1.0
GRASP_BILATERAL_MIN_CONTACT_BODIES=1,GRASP_BILATERAL_MIN_CONTACT_BODIES,1,LIBERO,rc_no_forbidden_contact,5,5,1.0
GRASP_BILATERAL_MIN_CONTACT_BODIES=1,GRASP_BILATERAL_MIN_CONTACT_BODIES,1,LIBERO,rc_open_close_preconditions_safe,1,1,1.0
GRASP_BILATERAL_MIN_CONTACT_BODIES=1,GRASP_BILATERAL_MIN_CONTACT_BODIES,1,LIBERO,rc_place_preconditions_safe,3,3,1.0
GRASP_BILATERAL_MIN_CONTACT_BODIES=1,GRASP_BILATERAL_MIN_CONTACT_BODIES,1,RoboCasa,rc_dropped_object_was_released,2,2,1.0
GRASP_BILATERAL_MIN_CONTACT_BODIES=1,GRASP_BILATERAL_MIN_CONTACT_BODIES,1,RoboCasa,rc_dump_preconditions_safe,1,1,1.0
GRASP_BILATERAL_MIN_CONTACT_BODIES=1,GRASP_BILATERAL_MIN_CONTACT_BODIES,1,RoboCasa,rc_fixture_close_obstacle_retract,1,1,1.0
GRASP_BILATERAL_MIN_CONTACT_BODIES=1,GRASP_BILATERAL_MIN_CONTACT_BODIES,1,RoboCasa,rc_fixture_open_obstacle_retract,1,1,1.0
GRASP_BILATERAL_MIN_CONTACT_BODIES=1,GRASP_BILATERAL_MIN_CONTACT_BODIES,1,RoboCasa,rc_fixture_placement_release_after_internal_support,1,1,1.0
GRASP_BILATERAL_MIN_CONTACT_BODIES=1,GRASP_BILATERAL_MIN_CONTACT_BODIES,1,RoboCasa,rc_grasp_remains_synced_until_dropped,9,9,1.0
GRASP_BILATERAL_MIN_CONTACT_BODIES=1,GRASP_BILATERAL_MIN_CONTACT_BODIES,1,RoboCasa,rc_liquid_transfer_eventually_settles,1,1,1.0
GRASP_BILATERAL_MIN_CONTACT_BODIES=1,GRASP_BILATERAL_MIN_CONTACT_BODIES,1,RoboCasa,rc_microwave_single_object_until_empty,1,1,1.0
GRASP_BILATERAL_MIN_CONTACT_BODIES=1,GRASP_BILATERAL_MIN_CONTACT_BODIES,1,RoboCasa,rc_no_forbidden_contact,22,22,1.0
GRASP_BILATERAL_MIN_CONTACT_BODIES=1,GRASP_BILATERAL_MIN_CONTACT_BODIES,1,RoboCasa,rc_pick_preconditions_safe,4,4,1.0
GRASP_BILATERAL_MIN_CONTACT_BODIES=1,GRASP_BILATERAL_MIN_CONTACT_BODIES,1,RoboCasa,rc_place_preconditions_safe,4,4,1.0
GRASP_BILATERAL_MIN_CONTACT_BODIES=1,GRASP_BILATERAL_MIN_CONTACT_BODIES,1,RoboCasa,rc_raw_robot_contact_blocks_rte_grasp_until_sanitized,34,34,1.0
GRASP_BILATERAL_MIN_CONTACT_BODIES=1,GRASP_BILATERAL_MIN_CONTACT_BODIES,1,RoboCasa,rc_released_object_eventually_settles,1,1,1.0
GRASP_BILATERAL_MIN_CONTACT_BODIES=3,GRASP_BILATERAL_MIN_CONTACT_BODIES,3,LIBERO,rc_dropped_object_was_released,1,1,1.0
GRASP_BILATERAL_MIN_CONTACT_BODIES=3,GRASP_BILATERAL_MIN_CONTACT_BODIES,3,LIBERO,rc_dump_preconditions_safe,1,1,1.0
GRASP_BILATERAL_MIN_CONTACT_BODIES=3,GRASP_BILATERAL_MIN_CONTACT_BODIES,3,LIBERO,rc_fixture_close_obstacle_retract,1,1,1.0
GRASP_BILATERAL_MIN_CONTACT_BODIES=3,GRASP_BILATERAL_MIN_CONTACT_BODIES,3,LIBERO,rc_fixture_open_obstacle_retract,1,1,1.0
GRASP_BILATERAL_MIN_CONTACT_BODIES=3,GRASP_BILATERAL_MIN_CONTACT_BODIES,3,LIBERO,rc_fixture_placement_release_after_internal_support,1,1,1.0
GRASP_BILATERAL_MIN_CONTACT_BODIES=3,GRASP_BILATERAL_MIN_CONTACT_BODIES,3,LIBERO,rc_grasp_remains_synced_until_dropped,2,2,1.0
GRASP_BILATERAL_MIN_CONTACT_BODIES=3,GRASP_BILATERAL_MIN_CONTACT_BODIES,3,LIBERO,rc_liquid_transfer_eventually_settles,1,1,1.0
GRASP_BILATERAL_MIN_CONTACT_BODIES=3,GRASP_BILATERAL_MIN_CONTACT_BODIES,3,LIBERO,rc_microwave_single_object_until_empty,1,1,1.0
GRASP_BILATERAL_MIN_CONTACT_BODIES=3,GRASP_BILATERAL_MIN_CONTACT_BODIES,3,LIBERO,rc_no_forbidden_contact,5,5,1.0
GRASP_BILATERAL_MIN_CONTACT_BODIES=3,GRASP_BILATERAL_MIN_CONTACT_BODIES,3,LIBERO,rc_open_close_preconditions_safe,1,1,1.0
GRASP_BILATERAL_MIN_CONTACT_BODIES=3,GRASP_BILATERAL_MIN_CONTACT_BODIES,3,LIBERO,rc_place_preconditions_safe,3,3,1.0
GRASP_BILATERAL_MIN_CONTACT_BODIES=3,GRASP_BILATERAL_MIN_CONTACT_BODIES,3,RoboCasa,rc_dropped_object_was_released,2,2,1.0
GRASP_BILATERAL_MIN_CONTACT_BODIES=3,GRASP_BILATERAL_MIN_CONTACT_BODIES,3,RoboCasa,rc_dump_preconditions_safe,1,1,1.0
GRASP_BILATERAL_MIN_CONTACT_BODIES=3,GRASP_BILATERAL_MIN_CONTACT_BODIES,3,RoboCasa,rc_fixture_close_obstacle_retract,1,1,1.0
GRASP_BILATERAL_MIN_CONTACT_BODIES=3,GRASP_BILATERAL_MIN_CONTACT_BODIES,3,RoboCasa,rc_fixture_open_obstacle_retract,1,1,1.0
GRASP_BILATERAL_MIN_CONTACT_BODIES=3,GRASP_BILATERAL_MIN_CONTACT_BODIES,3,RoboCasa,rc_fixture_placement_release_after_internal_support,1,1,1.0
GRASP_BILATERAL_MIN_CONTACT_BODIES=3,GRASP_BILATERAL_MIN_CONTACT_BODIES,3,RoboCasa,rc_grasp_remains_synced_until_dropped,9,9,1.0
GRASP_BILATERAL_MIN_CONTACT_BODIES=3,GRASP_BILATERAL_MIN_CONTACT_BODIES,3,RoboCasa,rc_liquid_transfer_eventually_settles,1,1,1.0
GRASP_BILATERAL_MIN_CONTACT_BODIES=3,GRASP_BILATERAL_MIN_CONTACT_BODIES,3,RoboCasa,rc_microwave_single_object_until_empty,1,1,1.0
GRASP_BILATERAL_MIN_CONTACT_BODIES=3,GRASP_BILATERAL_MIN_CONTACT_BODIES,3,RoboCasa,rc_no_forbidden_contact,22,22,1.0
GRASP_BILATERAL_MIN_CONTACT_BODIES=3,GRASP_BILATERAL_MIN_CONTACT_BODIES,3,RoboCasa,rc_pick_preconditions_safe,4,4,1.0
GRASP_BILATERAL_MIN_CONTACT_BODIES=3,GRASP_BILATERAL_MIN_CONTACT_BODIES,3,RoboCasa,rc_place_preconditions_safe,4,4,1.0
GRASP_BILATERAL_MIN_CONTACT_BODIES=3,GRASP_BILATERAL_MIN_CONTACT_BODIES,3,RoboCasa,rc_raw_robot_contact_blocks_rte_grasp_until_sanitized,34,34,1.0
GRASP_BILATERAL_MIN_CONTACT_BODIES=3,GRASP_BILATERAL_MIN_CONTACT_BODIES,3,RoboCasa,rc_released_object_eventually_settles,1,1,1.0
PERSISTENCE_FRAMES=1,PERSISTENCE_FRAMES,1,RoboCasa,rc_dropped_object_was_released,2,2,1.0
PERSISTENCE_FRAMES=1,PERSISTENCE_FRAMES,1,RoboCasa,rc_dump_preconditions_safe,1,1,1.0
PERSISTENCE_FRAMES=1,PERSISTENCE_FRAMES,1,RoboCasa,rc_fixture_close_obstacle_retract,1,1,1.0
PERSISTENCE_FRAMES=1,PERSISTENCE_FRAMES,1,RoboCasa,rc_fixture_open_obstacle_retract,1,1,1.0
PERSISTENCE_FRAMES=1,PERSISTENCE_FRAMES,1,RoboCasa,rc_fixture_placement_release_after_internal_support,1,1,1.0
PERSISTENCE_FRAMES=1,PERSISTENCE_FRAMES,1,RoboCasa,rc_grasp_remains_synced_until_dropped,9,9,1.0
PERSISTENCE_FRAMES=1,PERSISTENCE_FRAMES,1,RoboCasa,rc_liquid_transfer_eventually_settles,1,1,1.0
PERSISTENCE_FRAMES=1,PERSISTENCE_FRAMES,1,RoboCasa,rc_microwave_single_object_until_empty,1,1,1.0
PERSISTENCE_FRAMES=1,PERSISTENCE_FRAMES,1,RoboCasa,rc_no_forbidden_contact,22,22,1.0
PERSISTENCE_FRAMES=1,PERSISTENCE_FRAMES,1,RoboCasa,rc_pick_preconditions_safe,4,4,1.0
PERSISTENCE_FRAMES=1,PERSISTENCE_FRAMES,1,RoboCasa,rc_place_preconditions_safe,4,4,1.0
PERSISTENCE_FRAMES=1,PERSISTENCE_FRAMES,1,RoboCasa,rc_raw_robot_contact_blocks_rte_grasp_until_sanitized,34,34,1.0
PERSISTENCE_FRAMES=1,PERSISTENCE_FRAMES,1,RoboCasa,rc_released_object_eventually_settles,1,1,1.0
PERSISTENCE_FRAMES=3,PERSISTENCE_FRAMES,3,RoboCasa,rc_dropped_object_was_released,2,2,1.0
PERSISTENCE_FRAMES=3,PERSISTENCE_FRAMES,3,RoboCasa,rc_dump_preconditions_safe,1,1,1.0
PERSISTENCE_FRAMES=3,PERSISTENCE_FRAMES,3,RoboCasa,rc_fixture_close_obstacle_retract,1,1,1.0
PERSISTENCE_FRAMES=3,PERSISTENCE_FRAMES,3,RoboCasa,rc_fixture_open_obstacle_retract,1,1,1.0
PERSISTENCE_FRAMES=3,PERSISTENCE_FRAMES,3,RoboCasa,rc_fixture_placement_release_after_internal_support,1,1,1.0
PERSISTENCE_FRAMES=3,PERSISTENCE_FRAMES,3,RoboCasa,rc_grasp_remains_synced_until_dropped,9,9,1.0
PERSISTENCE_FRAMES=3,PERSISTENCE_FRAMES,3,RoboCasa,rc_liquid_transfer_eventually_settles,1,1,1.0
PERSISTENCE_FRAMES=3,PERSISTENCE_FRAMES,3,RoboCasa,rc_microwave_single_object_until_empty,1,1,1.0
PERSISTENCE_FRAMES=3,PERSISTENCE_FRAMES,3,RoboCasa,rc_no_forbidden_contact,22,22,1.0
PERSISTENCE_FRAMES=3,PERSISTENCE_FRAMES,3,RoboCasa,rc_pick_preconditions_safe,4,4,1.0
PERSISTENCE_FRAMES=3,PERSISTENCE_FRAMES,3,RoboCasa,rc_place_preconditions_safe,4,4,1.0
PERSISTENCE_FRAMES=3,PERSISTENCE_FRAMES,3,RoboCasa,rc_raw_robot_contact_blocks_rte_grasp_until_sanitized,34,34,1.0
PERSISTENCE_FRAMES=3,PERSISTENCE_FRAMES,3,RoboCasa,rc_released_object_eventually_settles,1,1,1.0
PERSISTENCE_FRAMES=10,PERSISTENCE_FRAMES,10,RoboCasa,rc_dropped_object_was_released,2,2,1.0
PERSISTENCE_FRAMES=10,PERSISTENCE_FRAMES,10,RoboCasa,rc_dump_preconditions_safe,1,1,1.0
PERSISTENCE_FRAMES=10,PERSISTENCE_FRAMES,10,RoboCasa,rc_fixture_close_obstacle_retract,1,1,1.0
PERSISTENCE_FRAMES=10,PERSISTENCE_FRAMES,10,RoboCasa,rc_fixture_open_obstacle_retract,1,1,1.0
PERSISTENCE_FRAMES=10,PERSISTENCE_FRAMES,10,RoboCasa,rc_fixture_placement_release_after_internal_support,1,1,1.0
PERSISTENCE_FRAMES=10,PERSISTENCE_FRAMES,10,RoboCasa,rc_grasp_remains_synced_until_dropped,9,9,1.0
PERSISTENCE_FRAMES=10,PERSISTENCE_FRAMES,10,RoboCasa,rc_liquid_transfer_eventually_settles,1,1,1.0
PERSISTENCE_FRAMES=10,PERSISTENCE_FRAMES,10,RoboCasa,rc_microwave_single_object_until_empty,1,1,1.0
PERSISTENCE_FRAMES=10,PERSISTENCE_FRAMES,10,RoboCasa,rc_no_forbidden_contact,22,22,1.0
PERSISTENCE_FRAMES=10,PERSISTENCE_FRAMES,10,RoboCasa,rc_pick_preconditions_safe,4,4,1.0
PERSISTENCE_FRAMES=10,PERSISTENCE_FRAMES,10,RoboCasa,rc_place_preconditions_safe,4,4,1.0
PERSISTENCE_FRAMES=10,PERSISTENCE_FRAMES,10,RoboCasa,rc_raw_robot_contact_blocks_rte_grasp_until_sanitized,34,34,1.0
PERSISTENCE_FRAMES=10,PERSISTENCE_FRAMES,10,RoboCasa,rc_released_object_eventually_settles,1,1,1.0
GRASP_SLIP_LINEAR_THRESHOLD=0.01,GRASP_SLIP_LINEAR_THRESHOLD,0.01,RoboCasa,rc_dropped_object_was_released,2,2,1.0
GRASP_SLIP_LINEAR_THRESHOLD=0.01,GRASP_SLIP_LINEAR_THRESHOLD,0.01,RoboCasa,rc_dump_preconditions_safe,1,1,1.0
GRASP_SLIP_LINEAR_THRESHOLD=0.01,GRASP_SLIP_LINEAR_THRESHOLD,0.01,RoboCasa,rc_fixture_close_obstacle_retract,1,1,1.0
GRASP_SLIP_LINEAR_THRESHOLD=0.01,GRASP_SLIP_LINEAR_THRESHOLD,0.01,RoboCasa,rc_fixture_open_obstacle_retract,1,1,1.0
GRASP_SLIP_LINEAR_THRESHOLD=0.01,GRASP_SLIP_LINEAR_THRESHOLD,0.01,RoboCasa,rc_fixture_placement_release_after_internal_support,1,1,1.0
GRASP_SLIP_LINEAR_THRESHOLD=0.01,GRASP_SLIP_LINEAR_THRESHOLD,0.01,RoboCasa,rc_grasp_remains_synced_until_dropped,9,9,1.0
GRASP_SLIP_LINEAR_THRESHOLD=0.01,GRASP_SLIP_LINEAR_THRESHOLD,0.01,RoboCasa,rc_liquid_transfer_eventually_settles,1,1,1.0
GRASP_SLIP_LINEAR_THRESHOLD=0.01,GRASP_SLIP_LINEAR_THRESHOLD,0.01,RoboCasa,rc_microwave_single_object_until_empty,1,1,1.0
GRASP_SLIP_LINEAR_THRESHOLD=0.01,GRASP_SLIP_LINEAR_THRESHOLD,0.01,RoboCasa,rc_no_forbidden_contact,22,22,1.0
GRASP_SLIP_LINEAR_THRESHOLD=0.01,GRASP_SLIP_LINEAR_THRESHOLD,0.01,RoboCasa,rc_pick_preconditions_safe,4,4,1.0
GRASP_SLIP_LINEAR_THRESHOLD=0.01,GRASP_SLIP_LINEAR_THRESHOLD,0.01,RoboCasa,rc_place_preconditions_safe,4,4,1.0
GRASP_SLIP_LINEAR_THRESHOLD=0.01,GRASP_SLIP_LINEAR_THRESHOLD,0.01,RoboCasa,rc_raw_robot_contact_blocks_rte_grasp_until_sanitized,34,34,1.0
GRASP_SLIP_LINEAR_THRESHOLD=0.01,GRASP_SLIP_LINEAR_THRESHOLD,0.01,RoboCasa,rc_released_object_eventually_settles,1,1,1.0
GRASP_SLIP_LINEAR_THRESHOLD=0.06,GRASP_SLIP_LINEAR_THRESHOLD,0.06,RoboCasa,rc_dropped_object_was_released,2,2,1.0
GRASP_SLIP_LINEAR_THRESHOLD=0.06,GRASP_SLIP_LINEAR_THRESHOLD,0.06,RoboCasa,rc_dump_preconditions_safe,1,1,1.0
GRASP_SLIP_LINEAR_THRESHOLD=0.06,GRASP_SLIP_LINEAR_THRESHOLD,0.06,RoboCasa,rc_fixture_close_obstacle_retract,1,1,1.0
GRASP_SLIP_LINEAR_THRESHOLD=0.06,GRASP_SLIP_LINEAR_THRESHOLD,0.06,RoboCasa,rc_fixture_open_obstacle_retract,1,1,1.0
GRASP_SLIP_LINEAR_THRESHOLD=0.06,GRASP_SLIP_LINEAR_THRESHOLD,0.06,RoboCasa,rc_fixture_placement_release_after_internal_support,1,1,1.0
GRASP_SLIP_LINEAR_THRESHOLD=0.06,GRASP_SLIP_LINEAR_THRESHOLD,0.06,RoboCasa,rc_grasp_remains_synced_until_dropped,9,9,1.0
GRASP_SLIP_LINEAR_THRESHOLD=0.06,GRASP_SLIP_LINEAR_THRESHOLD,0.06,RoboCasa,rc_liquid_transfer_eventually_settles,1,1,1.0
GRASP_SLIP_LINEAR_THRESHOLD=0.06,GRASP_SLIP_LINEAR_THRESHOLD,0.06,RoboCasa,rc_microwave_single_object_until_empty,1,1,1.0
GRASP_SLIP_LINEAR_THRESHOLD=0.06,GRASP_SLIP_LINEAR_THRESHOLD,0.06,RoboCasa,rc_no_forbidden_contact,22,22,1.0
GRASP_SLIP_LINEAR_THRESHOLD=0.06,GRASP_SLIP_LINEAR_THRESHOLD,0.06,RoboCasa,rc_pick_preconditions_safe,4,4,1.0
GRASP_SLIP_LINEAR_THRESHOLD=0.06,GRASP_SLIP_LINEAR_THRESHOLD,0.06,RoboCasa,rc_place_preconditions_safe,4,4,1.0
GRASP_SLIP_LINEAR_THRESHOLD=0.06,GRASP_SLIP_LINEAR_THRESHOLD,0.06,RoboCasa,rc_raw_robot_contact_blocks_rte_grasp_until_sanitized,34,34,1.0
GRASP_SLIP_LINEAR_THRESHOLD=0.06,GRASP_SLIP_LINEAR_THRESHOLD,0.06,RoboCasa,rc_released_object_eventually_settles,1,1,1.0
GRASP_SLIP_LINEAR_THRESHOLD=0.12,GRASP_SLIP_LINEAR_THRESHOLD,0.12,RoboCasa,rc_dropped_object_was_released,2,2,1.0
GRASP_SLIP_LINEAR_THRESHOLD=0.12,GRASP_SLIP_LINEAR_THRESHOLD,0.12,RoboCasa,rc_dump_preconditions_safe,1,1,1.0
GRASP_SLIP_LINEAR_THRESHOLD=0.12,GRASP_SLIP_LINEAR_THRESHOLD,0.12,RoboCasa,rc_fixture_close_obstacle_retract,1,1,1.0
GRASP_SLIP_LINEAR_THRESHOLD=0.12,GRASP_SLIP_LINEAR_THRESHOLD,0.12,RoboCasa,rc_fixture_open_obstacle_retract,1,1,1.0
GRASP_SLIP_LINEAR_THRESHOLD=0.12,GRASP_SLIP_LINEAR_THRESHOLD,0.12,RoboCasa,rc_fixture_placement_release_after_internal_support,1,1,1.0
GRASP_SLIP_LINEAR_THRESHOLD=0.12,GRASP_SLIP_LINEAR_THRESHOLD,0.12,RoboCasa,rc_grasp_remains_synced_until_dropped,9,9,1.0
GRASP_SLIP_LINEAR_THRESHOLD=0.12,GRASP_SLIP_LINEAR_THRESHOLD,0.12,RoboCasa,rc_liquid_transfer_eventually_settles,1,1,1.0
GRASP_SLIP_LINEAR_THRESHOLD=0.12,GRASP_SLIP_LINEAR_THRESHOLD,0.12,RoboCasa,rc_microwave_single_object_until_empty,1,1,1.0
GRASP_SLIP_LINEAR_THRESHOLD=0.12,GRASP_SLIP_LINEAR_THRESHOLD,0.12,RoboCasa,rc_no_forbidden_contact,22,22,1.0
GRASP_SLIP_LINEAR_THRESHOLD=0.12,GRASP_SLIP_LINEAR_THRESHOLD,0.12,RoboCasa,rc_pick_preconditions_safe,4,4,1.0
GRASP_SLIP_LINEAR_THRESHOLD=0.12,GRASP_SLIP_LINEAR_THRESHOLD,0.12,RoboCasa,rc_place_preconditions_safe,4,4,1.0
GRASP_SLIP_LINEAR_THRESHOLD=0.12,GRASP_SLIP_LINEAR_THRESHOLD,0.12,RoboCasa,rc_raw_robot_contact_blocks_rte_grasp_until_sanitized,34,34,1.0
GRASP_SLIP_LINEAR_THRESHOLD=0.12,GRASP_SLIP_LINEAR_THRESHOLD,0.12,RoboCasa,rc_released_object_eventually_settles,1,1,1.0
