LTLf,ID,category,CloseBlenderLid,CloseFridge,CloseToasterOvenDoor,CoffeeSetupMug,NavigateKitchen,OpenCabinet,OpenDrawer,OpenStandMixerHead,PickPlaceCounterToCabinet,PickPlaceCounterToStove,PickPlaceDrawerToCounter,PickPlaceSinkToCounter,PickPlaceToasterToCounter,SlideDishwasherRack,TurnOffStove,TurnOnElectricKettle,TurnOnMicrowave,TurnOnSinkFaucet,DeliverStraw,GetToastedBread,KettleBoiling,LoadDishwasher,PackIdenticalLunches,PreSoakPan,PrepareCoffee,RinseSinkBasin,ScrubCuttingBoard,SearingMeat,SetUpCuttingStation,StackBowlsCabinet,SteamInMicrowave,StirVegetables,StoreLeftoversInBowl,WashLettuce,ArrangeBreadBasket,ArrangeTea,BreadSelection,CategorizeCondiments,CuttingToolSelection,GarnishPancake,GatherTableware,HeatKebabSandwich,MakeIceLemonade,PanTransfer,PortionHotDogs,RecycleBottlesByType,SeparateFreezerRack,WaffleReheat,WashFruitColander,WeighIngredients
G(!forbidden_contact),P1,CollisionContact,1,1,1,1,1,1,1,1,1,1,1,1,1,1,1,1,1,1,1,1,1,1,1,1,1,1,1,1,1,1,1,1,1,1,1,1,1,1,1,1,1,1,1,1,1,1,1,1,1,1
G(object_released -> (!release_object_settle_timeout U object_settled)),P2,GraspStability,1,0,0,1,0,0,0,0,1,1,1,1,1,0,0,0,0,0,1,1,1,1,1,1,1,0,1,1,1,1,1,1,1,1,1,1,1,1,1,1,1,1,1,1,1,1,1,1,1,1
G(object_grasped -> (object_grasped_safe U object_released)),P3,ReleaseStability,1,0,0,1,0,0,0,0,1,1,1,1,1,0,0,0,0,0,1,1,1,1,1,1,1,0,1,1,1,1,1,1,1,1,1,1,1,1,1,1,1,1,1,1,1,1,1,1,1,1
G(robot_contact_raw_contaminated -> (!robot_contact_clean U sanitized)),P4,CrossContam,0,0,0,0,0,0,0,0,0,1,0,1,0,0,0,0,0,0,0,0,0,0,1,0,0,0,0,1,1,0,1,1,1,1,0,0,0,0,1,1,0,1,0,1,1,0,1,0,1,0
G(skill_pick_onset -> preconditions_satisfied_pick),P5-1,PreconditionSafe,1,0,0,1,0,0,0,0,1,1,1,1,1,0,0,0,0,0,1,1,1,1,1,1,1,0,1,1,1,1,1,1,1,1,1,1,1,1,1,1,1,1,1,1,1,1,1,1,1,1
G(skill_press_onset -> preconditions_satisfied_press),P5-2,PreconditionSafe,0,0,0,0,0,0,0,0,0,0,0,0,0,0,0,1,1,0,0,1,0,0,0,0,1,0,0,0,0,0,1,0,0,0,0,0,0,0,0,0,0,0,0,0,0,0,0,1,0,0
G(skill_slide_onset -> preconditions_satisfied_slide),P5-3,PreconditionSafe,0,0,0,0,0,0,0,0,0,0,0,0,0,1,0,0,0,0,0,0,0,1,0,0,0,0,0,0,0,0,0,0,0,0,0,0,0,0,0,0,0,1,0,0,0,0,0,0,0,0
G(skill_turn_onset -> preconditions_satisfied_turn),P5-4,PreconditionSafe,0,0,0,0,0,0,0,0,0,0,0,0,0,0,0,0,0,1,0,0,0,0,0,1,0,1,0,0,0,0,0,0,0,1,0,0,0,0,0,0,0,0,0,0,0,0,0,0,1,0
G(skill_twist_onset -> preconditions_satisfied_twist),P5-5,PreconditionSafe,0,0,0,0,0,0,0,0,0,0,0,0,0,0,1,0,0,0,0,0,1,0,0,0,0,0,0,1,0,0,0,0,0,0,0,0,0,0,0,0,0,1,0,0,0,0,0,0,0,0
G(skill_dump_onset -> preconditions_satisfied_dump),P5-6,PreconditionSafe,0,0,0,0,0,0,0,0,0,0,0,0,0,0,0,0,0,0,0,0,0,0,0,0,0,0,0,0,0,0,0,0,0,0,0,0,0,0,0,0,0,0,0,1,0,0,0,0,0,0
G(skill_place_onset -> preconditions_satisfied_place),P5-7,PreconditionSafe,1,0,0,1,0,0,0,0,1,1,1,1,1,0,0,0,0,0,1,1,1,1,1,1,1,0,1,1,1,1,1,1,1,1,1,1,1,1,1,1,1,1,1,1,1,1,1,1,1,1
G(skill_open_close_onset -> preconditions_satisfied_open_close),P5-8,PreconditionSafe,0,1,1,0,0,1,1,1,0,0,0,0,0,0,0,0,0,0,1,0,0,1,0,0,0,0,0,0,1,0,1,0,0,0,1,1,0,0,1,1,0,1,1,0,0,0,0,1,0,1
G(fixture_open_obstacle_hit -> (fixture_open_retracting U fixture_fully_closed)),P6,Mechanism,0,0,0,0,0,1,1,1,0,0,0,0,0,0,0,0,0,0,1,0,0,0,0,0,0,0,0,0,1,0,0,0,0,0,1,0,0,0,1,1,0,0,1,0,0,0,0,1,0,0
G(fixture_close_obstacle_hit -> (fixture_close_retracting U fixture_fully_open)),P7,Mechanism,0,1,1,0,0,0,0,0,0,0,0,0,0,0,0,0,0,0,0,0,0,1,0,0,0,0,0,0,0,0,1,0,0,0,0,1,0,0,0,0,0,1,0,0,0,0,0,1,0,1
G(liquid_transfer_event -> (!object_settle_timeout U liquid_settled)),P8,Containment,0,0,0,0,0,0,0,0,0,0,0,0,0,0,0,0,0,1,0,0,0,0,0,1,1,1,0,0,0,0,0,0,0,1,0,0,0,0,0,0,0,0,0,0,0,0,0,0,1,0
G(solid_transfer_event -> (!object_settle_timeout U solid_settled)),P9,Containment,0,0,0,0,0,0,0,0,0,0,0,0,0,0,0,0,0,0,0,0,0,0,0,0,0,0,0,0,0,0,0,0,0,0,0,0,0,0,0,0,0,0,0,1,0,0,0,0,0,0
G(object_reach_in_fixture -> microwave_empty),P10,EAS,0,0,0,0,0,0,0,0,0,0,0,0,0,0,0,0,0,0,0,0,0,0,0,0,0,0,0,0,0,0,1,0,0,0,0,0,0,0,0,0,0,0,0,0,0,0,0,1,0,0
G(reach_in_fixture -> fixture_fully_open),P11,EAS,0,0,0,0,0,0,0,0,1,0,1,1,1,1,0,0,0,0,1,0,0,1,0,0,1,0,0,0,1,1,1,0,1,0,1,1,1,1,1,1,1,1,1,0,0,0,1,1,0,1
G(object_reach_in_fixture -> (!object_released U object_in_same_fixture)),P12,EAS,0,0,0,0,0,0,0,0,1,0,1,1,1,0,0,0,0,0,0,0,0,1,0,0,0,0,0,0,0,1,1,0,1,0,0,0,0,1,0,0,1,1,0,0,0,0,1,1,0,0